holiday,ds,lower_window,upper_window
official_holiday,2014-03-01,0,0
official_holiday,2014-03-02,0,0
official_holiday,2014-03-08,0,0
official_holiday,2014-03-09,0,0
official_holiday,2014-03-15,0,0
official_holiday,2014-03-16,0,0
official_holiday,2014-03-22,0,0
official_holiday,2014-03-23,0,0
official_holiday,2014-03-29,0,0
official_holiday,2014-03-30,0,0
official_holiday,2014-04-05,0,0
official_holiday,2014-04-06,0,0
official_holiday,2014-04-07,0,0
official_holiday,2014-04-12,0,0
official_holiday,2014-04-13,0,0
official_holiday,2014-04-19,0,0
official_holiday,2014-04-20,0,0
official_holiday,2014-04-26,0,0
official_holiday,2014-04-27,0,0
official_holiday,2014-05-01,0,0
official_holiday,2014-05-02,0,0
official_holiday,2014-05-03,0,0
official_holiday,2014-05-10,0,0
official_holiday,2014-05-11,0,0
official_holiday,2014-05-17,0,0
official_holiday,2014-05-18,0,0
official_holiday,2014-05-24,0,0
official_holiday,2014-05-25,0,0
official_holiday,2014-05-31,0,0
official_holiday,2014-06-01,0,0
official_holiday,2014-06-02,0,0
official_holiday,2014-06-07,0,0
official_holiday,2014-06-08,0,0
official_holiday,2014-06-14,0,0
official_holiday,2014-06-15,0,0
official_holiday,2014-06-21,0,0
official_holiday,2014-06-22,0,0
official_holiday,2014-06-28,0,0
official_holiday,2014-06-29,0,0
official_holiday,2014-07-05,0,0
official_holiday,2014-07-06,0,0
official_holiday,2014-07-12,0,0
official_holiday,2014-07-13,0,0
official_holiday,2014-07-19,0,0
official_holiday,2014-07-20,0,0
official_holiday,2014-07-26,0,0
official_holiday,2014-07-27,0,0
official_holiday,2014-08-02,0,0
official_holiday,2014-08-03,0,0
official_holiday,2014-08-09,0,0
official_holiday,2014-08-10,0,0
official_holiday,2014-08-16,0,0
official_holiday,2014-08-17,0,0
official_holiday,2014-08-23,0,0
official_holiday,2014-08-24,0,0
official_holiday,2014-08-30,0,0
official_holiday,2014-08-31,0,0
official_holiday,2014-09-06,0,0
official_holiday,2014-09-07,0,0
official_holiday,2014-09-08,0,0
official_holiday,2014-09-13,0,0
official_holiday,2014-09-14,0,0
official_holiday,2014-09-20,0,0
official_holiday,2014-09-21,0,0
official_holiday,2014-09-27,0,0
official_holiday,2014-10-01,0,0
official_holiday,2014-10-02,0,0
official_holiday,2014-10-03,0,0
official_holiday,2014-10-04,0,0
official_holiday,2014-10-05,0,0
official_holiday,2014-10-06,0,0
official_holiday,2014-10-07,0,0
workday_shift,2014-05-04,0,0
workday_shift,2014-09-28,0,0
workday_shift,2014-10-11,0,0
workday_shift,2014-10-12,0,0
